"Title","Company","Location","city","state"
"Innovation & Technology Senior Data Scientist","PWC","New York, NY","New York","NY"
"Data Scientist","Analytic Recruiting, Inc.","Chicago, IL","Chicago","IL"
"Data Scientist III","Genesis10","Kansas City, MO","Kansas City","MO"
"Data Scientist","CyberCoders","Palo Alto, CA","Palo Alto","CA"
"Data Scientist","Principle Solutions Group","Cincinnati, OH","Cincinnati","OH"
"Jr. to Senior Data Scientist, top tier Health company (up to $170k)","Skyrocket Ventures","San Francisco, CA","San Francisco","CA"
"Data Scientist","Publica","Palo Alto, CA","Palo Alto","CA"
"Data Scientist","Hays","Raleigh, NC","Raleigh","NC"
"Data Scientist","SNI Technology","Boston, MA","Boston","MA"
"Big Data / Data Scientist Analyst / NJ OR PA / R Modeling","NTT DATA Services","Whitehouse Station, NJ","Whitehouse Station","NJ"
"Python Data Scientist","Eclaro","NEW YORK, NY","NEW YORK","NY"
"Data Scientist (P)","Fulcrum IT Services, LLC","Fairfax/Manassas/Reston, VA","Fairfax/Manassas/Reston","VA"
"Data Scientist","Focus Capital Markets","Greenwich, CT","Greenwich","CT"
"Data Scientist III - 1912187470","Pinnacle Group","Radnor, PA","Radnor","PA"
"Data Scientist","Hired by Matrix, Inc.","Union, NJ","Union","NJ"
"Sr Data Scientist","Nesco Resource","Ft Worth, TX","Ft Worth","TX"
"Senior Data Scientist","Tata Consultancy Services","Norwalk, CT","Norwalk","CT"
"Data Scientist","Kforce Inc","Framingham, MA","Framingham","MA"
"Senior Data Scientist","Tavant Technologies Inc","Santa Clara, CA","Santa Clara","CA"
"Data Scientist","ApTask","Hoboken, NJ","Hoboken","NJ"
"Data Scientist","Ford Motor Company","Dearborn, MI","Dearborn","MI"
"Cyber Data Scientist - PETTT ONSITE","Engility Corporation","Vicksburg, MS","Vicksburg","MS"
"Data Scientist","Randstad Technologies","Northbrook, IL","Northbrook","IL"
"PRINCIPAL DATA SCIENTIST","Retention Science","Santa Monica, CA","Santa Monica","CA"
"Data Scientist, Military Healthcare Systems","Alaka`ina Foundation Family of Companies","Falls Church, VA","Falls Church","VA"
"Data Scientist","Globalupside","Mountain View, CA","Mountain View","CA"
"Sr Algorithm/Data Scientist","ASRC Federal Holding Company LLC","Moorestown, NJ","Moorestown","NJ"
"UPS Lead Data Scientist","UPS","Mahwah, NJ","Mahwah","NJ"
"Statistician/Data Scientist","Collabera","Houston, TX","Houston","TX"
"Data Scientist III","Matrix Resources","Fort Mill, SC","Fort Mill","SC"
"Machine Learning / Data Scientist / Computer Vision / IOT Architect - Direct Hire / Full Time / Perm","Cynet Systems Inc","Detroit, MI","Detroit","MI"
"Data Scientist","Crane Worldwide Logistics","Houston, TX","Houston","TX"
"Data Scientist","E-Primary","Radnor, PA","Radnor","PA"
"Data Scientist - Retail / eCommerce","Project One","Union, NJ","Union","NJ"
"Data Scientist","Platform Staffing Group","Battle Creek, MI","Battle Creek","MI"
"Data Scientist (NPO Startup)","Michael Page USA","Chicago, IL","Chicago","IL"
"Data Scientist","Hollister Staffing","Boston, MA","Boston","MA"
"Data Scientist","Piper Enterprise Solutions","Plymouth Meeting, PA","Plymouth Meeting","PA"
"Data Scientist","Zillion Technologies Inc","Framingham, MA","Framingham","MA"
"Data Scientist","SVAM International, Inc.","jericho, NY","jericho","NY"
"Data scientist","Pactera Technologies","Redmond, WA","Redmond","WA"
"Data Scientist","Peterson Technology Partners","Chicago, IL","Chicago","IL"
"Data Scientist","VincentBenjamin","Santa Monica, CA","Santa Monica","CA"
"Data Scientist (TS/SCI Required)","Federal Hill Consulting","Tampa, FL","Tampa","FL"
"Data Scientist - very small and very profitable super cool nerdy company","The Bivium Group","Cambridge, MA","Cambridge","MA"
"Data Scientist","PF1 Professional Services","Tampa, FL","Tampa","FL"
"Data Scientist","Progrexion","Salt Lake City, UT","Salt Lake City","UT"
"Sr Data Scientist","NextGen Information Services, Inc.","Plano, TX","Plano","TX"
"Data Scientist","Juno Search Partners","Philadelphia, PA","Philadelphia","PA"
"Advanced Analytics - Data Scientist","TXU Retail Services Company","Irving, TX","Irving","TX"
"Assistant Data Scientist (15243B)","University of Utah","University of Utah, UT","University of Utah","UT"
"Data Scientist-SAS Predictive Modelling","Company Confidential","Jericho, NY","Jericho","NY"
"Senior Data Scientist - 50% remote!","CyberCoders","San Francisco, CA","San Francisco","CA"
"Data Scientist","Epitec","Dearborn, MI","Dearborn","MI"
"Data Scientist","SVB Financial Group","Tempe, AZ","Tempe","AZ"
"Data Scientist/Developer 1","Northrop Grumman Corporation","Redondo Beach, CA","Redondo Beach","CA"
"Data Scientist","CyberCoders","Chicago, IL","Chicago","IL"
"Lead Data Scientist","Accenture","San Diego, CA","San Diego","CA"
"Data Scientist","Analytic Recruiting, Inc.","Bethesda, MD","Bethesda","MD"
"Data Scientist","CyberCoders","New York City, NY","New York City","NY"
"Statistician / Data Scientist","Kforce Inc","Houston, TX","Houston","TX"
"Data Scientist","TSCTI","Washington, DC","Washington","DC"
"Data Scientist","Tavant Technologies Inc","Santa Clara, CA","Santa Clara","CA"
"Data Scientist","NTT DATA Services","Santa Clara, CA","Santa Clara","CA"
"Data Scientist/ Modeler","Navitas Business Consulting","Washington, DC","Washington","DC"
"Senior Data Scientist / Neural Network Analyst - TS/SCI","NT Concepts","Vienna, VA","Vienna","VA"
"Software Engineer - Data Scientist (Grow in Machine Learning)","Webroot","San Diego, CA","San Diego","CA"
"Data Scientist","Epsilon","Woburn, MA","Woburn","MA"
"Data Scientist","Deloitte","Arlington County, VA","Arlington County","VA"
"Principal Engineer I - Data Scientist","Spectrum","Centennial, CO","Centennial","CO"
"Data Scientist with Hadoop","Saanvi Technologies","Detroit, MI","Detroit","MI"
"Junior Hadoop Developer / Data Scientist","Kforce Inc","Charlotte, NC","Charlotte","NC"
"Data Scientist","Cognizant","Plano, TX","Plano","TX"
"Supplier Quality (Data Scientist) Engineer in Plantation, FL","OSI Engineering","Fort Lauderdale, FL","Fort Lauderdale","FL"
"Postdoctoral Research Data Scientist (15223B)","University Of Utah","Salt Lake City, UT","Salt Lake City","UT"
"Data Scientist","Nelson Intelligence Solutions","Denver, CO","Denver","CO"
"Data Scientist","Houston Methodist","Houston, TX","Houston","TX"
"Services Data Scientist","Agilent","Wilmington, DE","Wilmington","DE"
"Semiconductor Patterning Data Scientist","ASML","San Jose, CA","San Jose","CA"
"Lead Data Scientist","UNITED PARCEL SERVICE","Mahwah, NJ","Mahwah","NJ"
"Senior Data Scientist","Mercy","Chesterfield, MO","Chesterfield","MO"
"Senior Data Scientist","DexMedia","Santa Monica, CA","Santa Monica","CA"
"Data Scientist","Vaco - Los Angeles (LAX)","Thousand Oaks, CA","Thousand Oaks","CA"
"Data Scientists and Senior Data Scientists","iTech Solutions","Brooklyn, NY","Brooklyn","NY"
"Data Scientist, Data & Analytics","MLB Advanced Media","New York, NY","New York","NY"
"Data Scientist - New York","National Basketball Association","New York, NY","New York","NY"
"Predictive Analytics/Data Scientist","Country Financial","Middletown, CT","Middletown","CT"
"Data Scientist","MultiCare Health System","Puyallup, WA","Puyallup","WA"
"Senior-Inventive Scientist (Labs- Big Data Research)","AT&T","New York, NY","New York","NY"
"Data Science Developer - Analytics Center of Excellence","Quintiles","Durham, NC","Durham","NC"
"Data Science Director","Strategic IT Staffing","Seattle, WA","Seattle","WA"
"Sr Scientist - Clinical Data Manager","RAI Services Company","Winston-Salem, NC","Winston-Salem","NC"
"Data Science Consultant w/ Spark exp","Resource Informatics Group Inc","Seattle, WA","Seattle","WA"
"Sr. Manager of Data Science & Marketing Technology","Harvey Nash, Inc","Parsippany, NJ","Parsippany","NJ"
"GEOINT Analyst (Data Science) **Pay Band 03/04/05**","National Security Agency (NSA)","Springfield, VA;St Louis, MD","Springfield","VA"
"Entry Level Business Intelligence &Data Science Developer","Itlize Global, LLC","Piscataway, NJ","Piscataway","NJ"
"Director, Data Science","Conversant","Chicago, IL","Chicago","IL"
"Senior Big Data / Data Science Developer","VanderHouwen","beaverton, OR","beaverton","OR"
"Data Science Manager","Integrity Consulting","Durham, NC","Durham","NC"
"SR. MANAGER OF DATA SCIENCE","CVS","Woonsocket, RI","Woonsocket","RI"
"Advanced Analytics Systems Lead","Altec Industries","Birmingham, AL","Birmingham","AL"
"data science/ data analyst","GS Global Services Inc.","Manhattan, NY","Manhattan","NY"
"Director, Clinical Development - Early Development Team Leader","Advanced Clinical","Jersey City, NJ","Jersey City","NJ"
"Supervisor of Applied Data Science","Children's Hospital Of Philadelphia","Philadelphia, PA","Philadelphia","PA"
"Human Resources Business Analyst","TRC Staffing","Seattle, WA","Seattle","WA"
"Business Operations Analyst","Avispa LLC","Sunnyvale, CA","Sunnyvale","CA"
"Data Modeler","Stefanini","Tampa, FL","Tampa","FL"
"Solution Architect - Virtualization","NVIDIA Corporation","Santa Clara, CA","Santa Clara","CA"
"Clinical Informaticist to Support Federal Govt. Analytics Engagement","Thor Group","Chicago, IL","Chicago","IL"
"Hadoop Administrator","Alluvion Staffing","Jacksonville, FL","Jacksonville","FL"
"Clinical Operations","Randstad Life Sciences","North Chicago, IL","North Chicago","IL"
"Faculty","Dakota State University","Madison, SD","Madison","SD"
"MULTIPLE OPENINGS","Lyft, Inc.","San Francisco, CA","San Francisco","CA"
"Marketing Analytics Consultant - CRM","Publix Super Markets, Inc.","Lakeland, FL","Lakeland","FL"
"Data Visualization Analyst","Bayside Solutions","San Francisco, CA","San Francisco","CA"
"BigData Architect","Ap Task","Irving, TX","Irving","TX"
"Advisor, Data Analytics","Cardinal Health","Columbus, OH","Columbus","OH"
"Java Developer","Metadata Technology North America","Knoxville, TN","Knoxville","TN"
"Web Developer","Asteri Networks","Shreveport, LA","Shreveport","LA"
"Scientist IV - Analytical Scientist (Data Reporting)","RJ Reynolds Tobacco Co","Winston-Salem, NC","Winston-Salem","NC"
"SOFTWARE ENGINEER (MULTIPLE POSITIONS)","HOME DEPOT PRODUCT AUTHORITY, LLC","Atlanta, GA","Atlanta","GA"
"Assoc. Strategic Analytics","JPMorgan Chase & Co.","Columbus, OH","Columbus","OH"
"E-Commerce Specialist","Spherion","Jacksonville, FL","Jacksonville","FL"
"Data Scientist","SNI Technology","Cambridge, MA","Cambridge","MA"
"Marketing Analytics Analyst","Fountain Group","Glencoe, IL","Glencoe","IL"
"New Account Acquisition- Statistician","Merrick Bank","South Jordan, UT","South Jordan","UT"
"Data Scientist III for Quality Outcomes","Eclaro","St. Louis, MO","St. Louis","MO"
"Data Scientist heavy Data Engineering","CyberCoders","Stewartville, MA","Stewartville","MA"
"Data Scientist  / Data Engineer R, Python, Cannabis Data Sets","CyberCoders","Palo Alto, CA","Palo Alto","CA"
"Data Engineer","Solomon Page","New York, NY","New York","NY"
"Data Engineer","Amiseq","San Mateo, CA","San Mateo","CA"
"Part-time Lecturer, Engineering Management and Innovation Management","Tufts School of Engineering","Medford, MA","Medford","MA"
"Associate Biostatistics Director","Astellas","Northbrook, IL","Northbrook","IL"
"Data Scientist - Hyde Park","CyberCoders","Chicago, IL","Chicago","IL"
"Business Analyst","Talus Partners","Enfield, CT","Enfield","CT"
"Technical Writer","Capital Markets Placement","New York City, NY","New York City","NY"
"Associate Data Scientist","Principle Solutions Group","Charlotte, NC","Charlotte","NC"
"Data Scientist","Collabera","Charlotte, NC","Charlotte","NC"
"Data Scientist","Principle Solutions Group","Atlanta, GA","Atlanta","GA"
"Data Scientist Consultant","Eclaro","Pennington, NJ","Pennington","NJ"
"Big Data / Data Scientist Analyst / NJ OR PA / R Modeling","NTT DATA Services","Whitehouse Station, NJ","Whitehouse Station","NJ"
"Data Scientist/Statistical Modeler-Media Mix Model","Kforce Inc","New York, NY","New York","NY"
"TS/SCI Data Scientist","SNI Technology","Tampa, FL","Tampa","FL"
"Data Engineer","Innoza Tech","Sunnyvale, CA","Sunnyvale","CA"
"Data Scientist Consultant","Eclaro","Pennington, NJ","Pennington","NJ"
"Clinical Data Manager","Collab Infotech","Andover, MA","Andover","MA"
"Data Scientist","Randstad Technologies","Chicago, IL","Chicago","IL"
"Sr Software Engineer 1","22nd Century Technologies Inc","Cedar Rapids, IA","Cedar Rapids","IA"
"Assistant, Associate, or Full Professor","North Carolina State Univ.","Raleigh, Raleigh, Raleigh","Raleigh","NC"
"Data Scientist, Marketing Analytics","Analytic Recruiting, Inc.","New York, NY","New York","NY"
"Data Scientist","ASRC Federal Holding Company LLC","Falls Church, VA","Falls Church","VA"
"Data Scientist/Developer 1","Northrop Grumman Corporation","Redondo Beach, CA","Redondo Beach","CA"
"Data Scientist","Eclaro","Duluth, GA","Duluth","GA"
"Data Scientist","Hollister Staffing","Cambridge, MA","Cambridge","MA"
"Data Scientist","Hired by Matrix, Inc.","Short Hills, NJ","Short Hills","NJ"
"Sr. Software Engineer","PDS Tech Inc.","Cedar Rapids, IA","Cedar Rapids","IA"
"Senior Data Scientist","Kforce Inc","Irvine, CA","Irvine","CA"
"Test Engineer Co-op","Eaton Corporation","Galesburg, MI","Galesburg","MI"
"Business Analyst II","s•com","Seattle, WA","Seattle","WA"
"Web Architect w/Security","InfoWeb Systems, Inc.","Cedar Rapids, IA","Cedar Rapids","IA"
"Data Scientist - Alternative Data","CyberCoders","New York, NY","New York","NY"
"Machine Learning Specialist","Experis","Beverly, MA","Beverly","MA"
"Sales Director North America","Call Journey"," "," ",NA
"Data Manager","Randstad","Summerville, SC","Summerville","SC"
"Software Engineer","Superior Group","Buffalo, NY","Buffalo","NY"
"Data Scientist - R, SAS, Statistical Modeling","CyberCoders","San Mateo, CA","San Mateo","CA"
"Data Scientist   AI, Python, Security (RELOCATION ASSISTANCE!)","CyberCoders","Newport Beach, CA","Newport Beach","CA"
"Senior Data Scientist","Tailored Brands","Fremont, CA","Fremont","CA"
"Senior Product Manager, NLP (Natural Language Processing) Core Department","UPMC Presbyterian Shadyside","Pittsburgh, PA","Pittsburgh","PA"
"Software Developer Intern Online Hiring Event This Thursday","Honeywell","Atlanta, GA","Atlanta","GA"
"DIRECTOR OF MARKETING ANALYTICS","Cottonwood Financial","Irving, TX","Irving","TX"
"Senior Cloud Architect","Primary Search Management","Jersey City, NJ","Jersey City","NJ"
"Data Scientist","Collabera","Atlanta, GA","Atlanta","GA"
"Director, Fraud and Analytics","Howard Systems International","Manhattan, NY","Manhattan","NY"
"Pharmaceutical System Analyst","Real Soft, Inc.","Marlborough, MA","Marlborough","MA"
"Senior Data Scientist (Security Clearance Required)","Hired","Stevenson, MD","Stevenson","MD"
"Senior Data Scientist (Security Clearance Required)","Hired","Southern Md Facility, MD","Southern Md Facility","MD"
"Senior Data Scientist (Security Clearance Required)","Hired","Fallston, MD","Fallston","MD"
"Sr Manager Insights & Data Strategy","Brainworks","Oakland, CA","Oakland","CA"
"SENIOR PERFORMANCE MANAGER","Washington State Office of the Governor","Olympia, WA","Olympia","WA"
"Senior Data Scientist (Security Clearance Required)","Hired","Laurel, MD","Laurel","MD"
"Data Scientist","Randstad Technologies","Northbrook, IL","Northbrook","IL"
"Assistant Data Scientist (15243B)","University Of Utah","Salt Lake City, UT","Salt Lake City","UT"
"SENIOR DATA SCIENTIST - Predictive Modeling","The Judge Group, Inc.","Creve Coeur, MO","Creve Coeur","MO"
"Data Design & Architecture","BizTek People, Inc.","Beaverton, OR","Beaverton","OR"
"Data Scientist","The Judge Group, Inc.","Hopewell, NJ","Hopewell","NJ"
"Senior Front End Engineer","Mastech","Magalia, CA","Magalia","CA"
"Big Data Engineer","Intelliswift Software","Mountain View, CA","Mountain View","CA"
"Incident Platform Product Manager","AMS Staffing, Inc.","Houston, TX","Houston","TX"
"BI Developer","Vaco - Nashville","Brentwood, TN","Brentwood","TN"
"Senior Data Scientist with Operations Research","The Judge Group, Inc.","Creve Coeur, MO","Creve Coeur","MO"
"Business/Data Analyst","Whiteline Express","Plymouth, MI","Plymouth","MI"
"Research Scientist, Advanced Analytics","Hitachi America, Ltd.","Santa Clara, CA","Santa Clara","CA"
"Data Scientist","Randstad Technologies","Tampa, FL","Tampa","FL"
"Senior Software Developer","Altamira Technologies","Fairborn, OH","Fairborn","OH"
"Sr Data Analyst","Laureate Education, Inc.","Columbia, MD","Columbia","MD"
"Junior Software Developer","Altamira Technologies Corporation","Fairborn, OH","Fairborn","OH"
"Business Intelligence Analyst","Prudent Technologies and Consulting","Abilene, TX","Abilene","TX"
"Data Science Director - Relocation Required","Strategic IT Staffing","Monterey, CA","Monterey","CA"
"Data Science Director","Strategic IT Staffing","San Diego, CA","San Diego","CA"
"Data Science Director - Relocation Required","Strategic IT Staffing","San Diego, CA","San Diego","CA"
"Data Science Director","Strategic IT Staffing","San Jose, CA","San Jose","CA"
"Data Engineer - Hadoop Operations","Brooksource","Minneapolis, MN","Minneapolis","MN"
"Lead Quant Developer","Advance Consulting","New York, NY","New York","NY"
"Quantitative Research Scientist - Alternative Data","CyberCoders","New York City, NY","New York City","NY"
"Business Analyst/Data Analyst","Conperio Technology Solutions","Saint Louis, MO","Saint Louis","MO"
"Director of Data Science -Signal Processing Expertise!!","CyberCoders","San Francisco, CA","San Francisco","CA"
"Sr Programmer","Inirus, LLC","San Jose, CA","San Jose","CA"
"Quantitative Developer","MResult Corp","Manhattan, NY","Manhattan","NY"
"Multiple Positions","Airbnb, Inc.","San Francisco, CA","San Francisco","CA"
"Data Science Teacher","Randstad Technologies","Edison, NJ","Edison","NJ"
"Sr. Customer Analytics","SANTANDER BANK, N.A.","Boston, MA","Boston","MA"
"Emerging Technology Products Director - Advanced Analytics Tax & Innov","PWC","New York, NY","New York","NY"
"Data Science Teacher","Randstad Technologies","Edison, NJ","Edison","NJ"
"Data Modeler","Randstad Technologies","Tampa, FL","Tampa","FL"
"Application Analyst II","Genesis10","Kansas City, KS","Kansas City","KS"
"Product Technical Lead - US","Infosys","Palo Alto, CA","Palo Alto","CA"
"Data Quality Analyst - Contract to Hire","NTT DATA Services","Oak Brook, IL","Oak Brook","IL"
"Listing Agent / Real Estate Sales","Opendoor","Dallas, TX","Dallas","TX"
"Senior Product Manager","Strategic IT Staffing","San Francisco, CA","San Francisco","CA"
"Executive Director of Strategic Communications and Media Relations","Columbia University","Manhattan, NY","Manhattan","NY"
"Research Associate","Massachusetts Institute of Technology","Cambridge, MA","Cambridge","MA"
"Solution Architect - Video","NVIDIA Corporation","Santa Clara, CA","Santa Clara","CA"
"DATA COLLECTION SPECIALIST","CAROL HARRIS STAFFING","CHESWICK, PA","CHESWICK","PA"
"Business Analyst","Hunter International Inc","Chesterfield, MO","Chesterfield","MO"
"Senior Product Manager - Data Platform","Data Sciences International,Inc","Saint Paul, MN","Saint Paul","MN"
"Director of Ad Operations","Asteri Networks","Shreveport, LA","Shreveport","LA"
"Senior/Lead Architect - Computer Vision/Image Processing","CyberCoders","Fremont, CA","Fremont","CA"
"Senior Deep Learning Researcher","CyberCoders","New York, NY","New York","NY"
"Senior Data Engineer","CyberCoders","San Francisco, CA","San Francisco","CA"
"Jr Application Scientist - NLP, Informatics","CyberCoders","Waltham, MA","Waltham","MA"
"Senior Front-End Web Developer","OSI Engineering","San Francisco, CA","San Francisco","CA"
"Data Modeler / Programmer","GDA Corp.","State College, PA","State College","PA"
"VERY URGENT contract-to-hire iOS Engineer (AR/VR/3D) needed!","CyberCoders","New York City, NY","New York City","NY"
"Data Engineer","BioCentury Inc.","Redwood City, CA","Redwood City","CA"
"Director of Business Intelligence","Republic Services","Scottsdale, AZ","Scottsdale","AZ"
"Vulnerability Management","Convergenz","Washington, DC","Washington","DC"
"Cyber Security Computer Scientist","Wasabi Technologies, Inc.","Boston, MA","Boston","MA"
"Cloud Developer","Voith Holding Inc","Wilson, NC","Wilson","NC"
"Marketing Analytics Analyst","Fountain Group","Bannockburn, IL","Bannockburn","IL"
"Strategic Business Analyst","TalentPool Search Inc.","Troy, MI","Troy","MI"
"Back-end Insights Engineer","InfoGroup Northwest","Portland, Portland, Portland","Portland","Portland"
"Administrative Assistant","ADMEX Corporation","Silver Spring, MD","Silver Spring","MD"
"Software Developer","Sphere of Influence, Inc.","Lakewood, CO","Lakewood","CO"
"Big Data Engineer","DIVERSANT LLC","Chandler, AZ","Chandler","AZ"
"IT Project Management Specialist","Amdex Corporation","Silver Hill, MD","Silver Hill","MD"
"VP Analytics","C&G Consulting","Cedar Knolls, NJ","Cedar Knolls","NJ"
"Marketing Analytics Analyst","Fountain Group","Northbrook, IL","Northbrook","IL"
"Web Developer - Senior","Bowhead","Washington, DC","Washington","DC"
"Business Systems Analyst","Abt Associates","Bethesda, MD","Bethesda","MD"
"Software Engineer","Ask Staffing","Alpharetta, GA","Alpharetta","GA"
"Database Engineer","Pinnacle Group","Frisco, TX","Frisco","TX"
"Intelligence Systems Engineer","DECISIVE ANALYTICS CORPORATION","Quantico, VA","Quantico","VA"
"Data Analyst","The Bartech Group","Dearborn, MI","Dearborn","MI"
"Staff Data Engineer","Seagate","Longmont, CO","Longmont","CO"
"IT Account Manager","System Soft Technologies","Charleston, SC","Charleston","SC"
"SAAS Sales Executive","Matlen Silver","Atlanta, GA","Atlanta","GA"
"Enterprise Data Manager","AppleOne","Summerville, SC","Summerville","SC"
"Data Architect","Collins Consulting, Inc.","Washington, DC","Washington","DC"
"Cyber Defense Scientist/Mathematician","Bluemont Technology & Research, Inc.","College Park, MD","College Park","MD"
"Assistant Director, Analytics and Decision Support**","Excelsior College","Albany, NY","Albany","NY"
"Software Architect","GBL Systems Corporation","Camarillo, CA","Camarillo","CA"
"Deep Learning Consultant","NVIDIA Corporation","Santa Clara, CA","Santa Clara","CA"
"Cloud Development Architect/Manager","Goodman Manufacturing Company","Waller, TX","Waller","TX"
"Business Intelligence Analyst","EDI Specialists, Inc.","Lansing, NY","Lansing","NY"
"Information Technology positions - Active TS/SCI with Full Scope Polygraph","3D Tek, Inc.","Reston, VA","Reston","VA"
"Business Unit Controller Senior","FREDDIE MAC","McLean, VA","McLean","VA"
"Big Data Architect","CGI","Cleveland, OH","Cleveland","OH"
"Sr. Back-end Engineer (Ruby)","Thompson Technologies","Atlanta, GA","Atlanta","GA"
"Data Engineer","BridgeView IT","Denver, CO","Denver","CO"
"UI Developer","RCM Technologies","Los Angeles, CA","Los Angeles","CA"
"Engineer","The Josef Group","Herndon, VA","Herndon","VA"
"Senior Interaction Designer, Greenfield Labs","Ford Motor Company","Palo Alto, CA","Palo Alto","CA"
"Software Engineer / Senior Software Engineer / Sof","Collabera","Cedar Rapids, IA","Cedar Rapids","IA"
"Report and Analytic Developer","Solutions Point","Topeka, KS","Topeka","KS"
"Medical Imaging Alliance Manager","NVIDIA Corporation","Santa Clara, CA","Santa Clara","CA"
"IBU Finance and Actuarial Manager","BCBSM","Detroit, MI","Detroit","MI"
"Systems Architect and Engineer position in Washington, DC !!! US Citizen/ Greencard/ EAD / H1B !!!","Federate Systems Corporation","Washington, DC","Washington","DC"
"Senior Marketing Data Analyst","Ergo Interactive","New York City, NY","New York City","NY"
"Data Analyst","Tech Mahindra Limited","Orenco, OR","Orenco","OR"
"EXECUTIVE DIRECTOR OF OPERATIONS","Brains Workgroup, Inc.","New York City, NY","New York City","NY"
"San Diego Senior SAS programmer opening","SimulStat's client","San Diego, CA","San Diego","CA"
"Senior Graphic Designer","VanderHouwen","Broomfield, CO","Broomfield","CO"
"Director, Business Development","INC Research/inVentiv Health","Chicago, IL","Chicago","IL"
"Senior Data Engineer","CyberCoders","New York City, NY","New York City","NY"
"Sr. Credit Risk Manager","Analytic Recruiting, Inc.","New York, NY","New York","NY"
"Clinical Data Analyst","Principle Solutions Group","The Woodlands, TX","The Woodlands","TX"
"Senior Data Engineer - Python / Healthcare Startup","Kforce Inc","New York, NY","New York","NY"
"Big Data Software Engineer (Advertising) - BIG DATA","AT&T","Plano, TX","Plano","TX"
"Data Analyst **Pay Band 03/04**","National Security Agency (NSA)","Springfield, VA;St Louis, MD","Springfield","VA"
"Sr Systems Analyst - Big Data / Data Lakes Developer","Conagra Brands Inc","Omaha, NE","Omaha","NE"
"Principal Statistical Programmer - Work From Home","Sarah Cannon Research Institute Clinical Operations","Nashville, TN","Nashville","TN"
"BIG DATA ANALYST","CAREERMONKS","Cleveland, OH","Cleveland","OH"
"Principal Solution Architect - Cloud IAAS/PAAS","CyberCoders","Fremont, CA","Fremont","CA"
"DSRIP Independent Assessor (IA) Director","Public Consulting Group","Albany, NY","Albany","NY"
"VP of Engineering needed for a growing startup! 150K+","CyberCoders","Manhattan, NY","Manhattan","NY"
"Machine Learning Scientist","CyberCoders","Palo Alto, CA","Palo Alto","CA"
"Data Management Analyst - ENG V","Native Hawaiian Veterans","Colorado Springs, CO","Colorado Springs","CO"
"Solutions Architect - CSP","NVIDIA Corporation","Santa Clara, CA","Santa Clara","CA"
"Computer Vision Engineer - Renewable Energy Startup","CyberCoders","Palo Alto, CA","Palo Alto","CA"
"Data Engineer - Growth Opportunity","CyberCoders","Woodside, CA","Woodside","CA"
"Business Analyst - Data Analytics","Kforce Inc","New York, NY","New York","NY"
"Solutions Architect - CSP","NVIDIA Corporation","Redmond, WA","Redmond","WA"
"Solutions Architect, Retail Analytics","NVIDIA Corporation","Santa Clara, CA","Santa Clara","CA"
"Solution Architect - Deep Learning Developer","NVIDIA Corporation","Remote, MD","Remote","MD"
"Director, Auto Industry Business Development","NVIDIA Corporation","Santa Clara, CA","Santa Clara","CA"
"Data Analyst","Pactera Technologies","Redmond, WA","Redmond","WA"
"VP of Engineering needed for a growing startup! 150K+","CyberCoders","New York City, NY","New York City","NY"
"Lead Deep Learning Architect - Hardware Development","CyberCoders","Fremont, CA","Fremont","CA"
"Sr Product Mgr","Cox Automotive","North Hills, NY","North Hills","NY"
"Business Analyst 4","TalentBurst","Enfield, CT","Enfield","CT"
"Data Engineer","Control4","Salt Lake City, UT","Salt Lake City","UT"
"Salesforce CRM Business Analyst","Primary Search Management","New York City, NY","New York City","NY"
"Tableau Developer","Collabera","Raleigh, NC","Raleigh","NC"
"Business Analyst","Real Soft, Inc.","Rocky Hill, CT","Rocky Hill","CT"
"Manager, Business Intelligence","Integrity Consulting","Glen Raven, NC","Glen Raven","NC"
"SAS Platform Engineer","Genesis10","Plano, TX","Plano","TX"
"Senior DevOps Engineer (Docker, Ansible, Spark, AWS)","Michael Page USA","Chicago, IL","Chicago","IL"
"Database Marketing Manager - Statistical / SAS","Kforce Inc","New York, NY","New York","NY"
"Jr. Software Engineer (.NET, Joomla, WordPress, Tableau) $60-75K COPPELL","Company Confidential","Coppell, TX","Coppell","TX"
"Senior Data Analyst","Kforce Inc","Louisville, KY","Louisville","KY"
"Technology Architect","Collabera","Charlotte, NC","Charlotte","NC"
"Database Marketing Manager - Statistical / SAS","Kforce Inc","New York, NY","New York","NY"
"Email Marketing Lead","One Click Ventures","Greenwood, IN","Greenwood","IN"
"Full-Stack Experimentation Engineer","Kforce Inc","Milpitas, CA","Milpitas","CA"
"Design for Manufacturing Engineer","Cybersearch","Chicago, IL","Chicago","IL"
"Senior Graphic Designer","VanderHouwen","Broomfield, CO","Broomfield","CO"
"Embedded Validation Analyst","Fountain Group","Tacoma, WA","Tacoma","WA"
"Analytics Specialist","Genesis10","New York, NY","New York","NY"
"Operational Project Manager - Data Analyst","Collabera","Menlo Park, CA","Menlo Park","CA"
"Data Analytics Engineer","Collabera","Chicago, IL","Chicago","IL"
"Full Stack Developer","Randstad Technologies","La Jolla, CA","La Jolla","CA"
"Full-Stack Experimentation Engineer","Experis","San Jose, CA","San Jose","CA"
"Business/Data Analyst","Whiteline Express","Detroit, MI","Detroit","MI"
"Data Analyst","DISYS","Menlo Park, CA","Menlo Park","CA"
"Full Stack Engineer - React Native, IOS, SWIFT","CyberCoders","New York City, NY","New York City","NY"
"Revenue Cycle Business Analyst","Capitol View Bldg 1600","Nashville, TN","Nashville","TN"
"Database Management Analyst","Avosys","San Antonio, TX","San Antonio","TX"
"Development & Integration Data Analyst","Axiologic Solutions","Washington, DC","Washington","DC"
"Data Platform Technical Development Lead","Critical Path Institute (C-Path)","Tucson, AZ","Tucson","AZ"
"Application Developer","CFD Research Corporation","Phoenix, AZ","Phoenix","AZ"
"Data Analyst, Business Analysis & Reporting- Lakeland","Publix Super Markets, Inc.","Lakeland, FL","Lakeland","FL"
"RISK ANALYST","Cottonwood Financial","Irving, TX","Irving","TX"
"Data Engineer - Healthcare, Critical Thinking, Design Pipelines","CyberCoders","Boston, MA","Boston","MA"
"Lead Backend Engineer (Node.js)","CyberCoders","San Francisco, CA","San Francisco","CA"
"Principal Product Architect - US","Infosys","Palo Alto, CA","Palo Alto","CA"
"Entry level software engineer- JAVA/.Net Developer","Itlize Global, LLC","Piscataway, NJ","Piscataway","NJ"
"Software Engineer","Massachusetts Institute of Technology","Cambridge, MA","Cambridge","MA"
"Director of Technology","Asteri Networks","Shreveport, LA","Shreveport","LA"
"Data Analyst","Zel Technologies","Melbourne, FL","Melbourne","FL"
"Machine Learning Architect","AT&T","Washington, DC","Washington","DC"
"Sr. Technical Manager / Data Engineer","Talus Partners","Providence, RI","Providence","RI"
"Development Data Analyst","ASET Partners","Washington, DC","Washington","DC"
"Mgr, Product Reporting","Spectrum","Greenwood Village, CO","Greenwood Village","CO"
"Senior System Architect, Content Metadata","AT&T","El Segundo, CA","El Segundo","CA"
"Mgr, Product Reporting","Spectrum","Denver, CO","Denver","CO"
"Data Engineer","VanderHouwen","beaverton, OR","beaverton","OR"
"Leader- People Analytics","Ford Motor Company","Dearborn, MI","Dearborn","MI"
"Data Analyst","Collabera","Rochester, NY","Rochester","NY"
"Senior, Advanced Analytics, Data Visualization","AT&T","Atlanta, GA","Atlanta","GA"
"Executive Assistant","MResult Corp","New York City, NY","New York City","NY"
"Data Integration Developer","Hays","Tampa, FL","Tampa","FL"
"Behavioral Science and UX Researcher","Vectorform","Royal Oak, MI","Royal Oak","MI"
"Software Engineer","Ask Staffing","Alpharetta, GA","Alpharetta","GA"
"Quantitative Researcher / Python Developer","Kforce Inc","Austin, TX","Austin","TX"
"Business Analyst - Digital Assets","Kforce Inc","San Diego, CA","San Diego","CA"
"Lead Business Intelligence/Online Data Analytics","Kforce Inc","San Diego, CA","San Diego","CA"
"Senior Cyber Defense Engineer","CyberCoders","Arlington, VA","Arlington","VA"
"Software Engineer - PYTHON","CyberCoders","Boston, MA","Boston","MA"
"Data Architect","CyberCoders","Firestone Park, CA","Firestone Park","CA"
"Solutions Architect - Deep Learning Developer","NVIDIA Corporation","Remote, DC","Remote","DC"
"Senior Software Engineer - Kernel Development","CyberCoders","Arlington, VA","Arlington","VA"
"Full Stack .NET Developer - Angular - Up to $165k","CyberCoders","Manhattan, NY","Manhattan","NY"
"Data Engineer","CyberCoders","Firestone Park, CA","Firestone Park","CA"
"Full Stack .NET Developer - Angular - Up to $165k","CyberCoders","New York City, NY","New York City","NY"
"Sr. Data Engineer","Matrix Resources","Raleigh, NC","Raleigh","NC"
"Wearable Technology Engineer","Fountain Group","Orenco, OR","Orenco","OR"
"Embedded Validation Analyst","Fountain Group","Corvallis, OR","Corvallis","OR"
"Embedded Validation Analyst  - Wearable Technology","Fountain Group","Orenco, OR","Orenco","OR"
"Embedded Validation Analyst","Fountain Group","Orenco, OR","Orenco","OR"
"Sr. SCADA Engineer","CyberCoders","Herndon, VA","Herndon","VA"
"Wearable Technology Engineer","Fountain Group","Corvallis, OR","Corvallis","OR"
"Data Engineer","Kforce Inc","San Diego, CA","San Diego","CA"
"Data Product Engineer","Corporate Main Campus","Nashville, TN","Nashville","TN"
"Senior Manager Information Systems (IS) – Advanced Analytics and Business Intelligence","Amgen","Tampa, FL","Tampa","FL"
"Clinical Data Manager II/Principal Clinical Data Manager","Boehringer Ingelheim","Ridgefield, CT","Ridgefield","CT"
"Enterprise Sales Representative","Simplilearn","Cary, NC","Cary","NC"
"Big Data Engineer","Intelliswift Software","San Diego, CA","San Diego","CA"
"Digital CRM Analytics, Associate","Analytic Recruiting, Inc.","New York, NY","New York","NY"
"API Design Manager","Company Confidential","Arlington, VA","Arlington","VA"
"Senior Business Process Analyst","Parallon","Nashville, TN","Nashville","TN"
"AI Specialist/Trainer","Company Confidential","Atlanta, GA","Atlanta","GA"
"Systems Engineer III- Automation, Configuration, Operational Analytics","Spectrum","Greenwood Village, CO","Greenwood Village","CO"
"Business Analyst with Agile and Institutional Retirement Products","iTech Solutions","Enfield, CT","Enfield","CT"
"Data Quality Automation Analyst - Contract to hire - featured","iTech Solutions","Boston, MA","Boston","MA"
"Data Analyst","BTQ Financial","New York, NY","New York","NY"
"Marketing Account Manager","Ingram Micro","Irvine, CA","Irvine","CA"
"SDET","Randstad Technologies","Boston, MA","Boston","MA"
"Scrum Master for IT Data Strategy","Randstad Technologies","Reston, VA","Reston","VA"
"Data Engineer (Network Engineer)","redtoo, inc.","Raleigh, NC","Raleigh","NC"
"Master Big Data Cloud Analytics Developer","The Judge Group, Inc.","Creve Coeur, MO","Creve Coeur","MO"
"Senior Infrastructure Engineer","Space Telescope Science Institute","Baltimore, MD","Baltimore","MD"
"Business Intelligence - Data Analyst","Conduent","Florham Park, NJ","Florham Park","NJ"
"Associate Manager Advanced Analytics","Altria Client Services","Richmond, VA","Richmond","VA"
"Data Analyst","BTQ Financial, LLC","New York, NY","New York","NY"
"Central - National Account Manager","INC Research/inVentiv Health","Chicago, IL","Chicago","IL"
"Data Analytics Developer/Analyst","Northwestern Energy","Butte, MT","Butte","MT"
"IT - Quality Consultant - Highly Specilized","iTech Solutions","Boston, MA","Boston","MA"
"Data Engineer, Deep Learning","Bosch","Palo Alto, CA","Palo Alto","CA"
"Product Analyst","Dow Jones & Co.","New York, NY","New York","NY"
"Incentive Compensation Analyst","INC Research/inVentiv Health","Somerset, NJ","Somerset","NJ"
"Big Data Developer- Advanced","The Judge Group, Inc.","San Francisco, CA","San Francisco","CA"
"Tableau Developer","Randstad Technologies","Morrisville, NC","Morrisville","NC"
"Data Architect - SME II","Native Hawaiian Veterans","Huntsville, AL","Huntsville","AL"
"Data Modeler","Randstad Technologies","Tampa, FL","Tampa","FL"
"Global Supply Chain / Procurement Consulting Internship: 2018","AT&T","Lancaster, TX","Lancaster","TX"
"Global Supply Chain / Procurement Consulting Internship: 2018","AT&T","Dallas, TX","Dallas","TX"
"Data Analyst IV","TalentBurst","Mountain View, CA","Mountain View","CA"
"Sr Software Engineer-Personalization-Dig Engineer","Nike","Portland, OR","Portland","OR"
"Vice President, Data Analytics","World Wrestling Entertainment","Stamford, CT","Stamford","CT"
"Web Application Developer - .NET","Randstad Technologies","Cedar Rapids, IA","Cedar Rapids","IA"
"Senior Manager, Product Operations","DraftKings","Boston, MA","Boston","MA"
"Global Supply Chain / Procurement Consulting Internship: 2018","AT&T","El Segundo, CA","El Segundo","CA"
"Manager, Consumer Engagement Analytics","Under Armour","Baltimore, MD","Baltimore","MD"
"Manager, Testing and Personalization","The North Face","Alameda, CA","Alameda","CA"
"Senior Data Engineer - Katy","Academy Sports + Outdoors","Katy, TX","Katy","TX"
"Web Application Architect","Randstad Technologies","Cedar Rapids, IA","Cedar Rapids","IA"
"Data Recommender Liaison","Axiologic Solutions","Reston, VA","Reston","VA"
"Scientific Data Analyst","Zel Technologies","Patrick AFB, FL","Patrick AFB","FL"
"Application Developer","CFD Research Corporation","Huntsville, AL","Huntsville","AL"
"Visualization IT SME","ASET Partners","Washington, DC","Washington","DC"
"PRODUCT OWNER -Marketing Automation","The Judge Group, Inc.","Creve Coeur, MO","Creve Coeur","MO"
"Data Visualization Designer or Data Visualization Engineer","iTech Solutions","Springfield, MA","Springfield","MA"
"Cloud Security Engineer","Children's Hospital Of Philadelphia","Philadelphia, PA","Philadelphia","PA"
"Big Data Software Engineer (Advertising) - BIG DATA","AT&T","Plano, TX","Plano","TX"
"Digital Analytics Engineer","Agilent","Santa Clara, CA","Santa Clara","CA"
"Clinical Operations","Randstad Life Sciences","North Chicago, IL","North Chicago","IL"
"BIG DATA DEVELOPER","CAREERMONKS","Detroit, MI","Detroit","MI"
"Clinical Data Manager - Work From Home","Sarah Cannon Research Institute Clinical Operations","Nashville, TN","Nashville","TN"
"Labor Analyst","Mercy","Chesterfield, MO","Chesterfield","MO"
"Business Systems Analyst","TalentBurst","Marlborough, MA","Marlborough","MA"
"Senior Product Manager, NLP (Natural Language Processing) Core Department","UPMC Presbyterian Shadyside","Pittsburgh, PA","Pittsburgh","PA"
"Sr SQL/ETL Developer","Ingram Micro","Irvine, CA","Irvine","CA"
"Senior Director, Data Platform Engineering","Cox Automotive","Atlanta, GA","Atlanta","GA"
"Technical Writer, Baseball Data","MLB Advanced Media","New York, NY","New York","NY"
"Technology Manager, Marketing","DraftKings","Boston, MA","Boston","MA"
"Mid-Level Software Engineer","Axiologic Solutions","Reston, VA","Reston","VA"
"Visualization Software SME","ASET Partners","Washington, DC","Washington","DC"
"Sr Big Data AWS Developer","The Judge Group, Inc.","Malvern, PA","Malvern","PA"
"Software Development Engineer - FULL Stack","iTech Solutions","Brooklyn, NY","Brooklyn","NY"
"Senior System Architect, Content Metadata","AT&T","El Segundo, CA","El Segundo","CA"
"Full Stack Developer","Randstad Technologies","La Jolla, CA","La Jolla","CA"
"Data Privacy and Security Analyst III","Children's Hospital Of Philadelphia","Philadelphia, PA","Philadelphia","PA"
"Lead Data Engineer","TalentBurst","Irvine, CA","Irvine","CA"
"Visualization IT SME","Axiologic Solutions","Reston, VA","Reston","VA"
"Data Analyst","The Judge Group, Inc.","Burlington, MA","Burlington","MA"
"Sr. Advanced Analytics, DIRECTV NOW","AT&T","El Segundo, CA","El Segundo","CA"
"Student Informatics Associate I - Research","Children's Hospital Of Philadelphia","Philadelphia, PA","Philadelphia","PA"
"Analytics Specialist","Randstad Technologies","New York, NY","New York","NY"
"Visualization Software SME","Axiologic Solutions","Reston, VA","Reston","VA"
"Sr. ANALYTICS DEVELOPER (BIG DATA CLOUD)","The Judge Group, Inc.","Chesterfield, MO","Chesterfield","MO"
"Software Development Engineers - Perm Positions","iTech Solutions","Brooklyn, NY","Brooklyn","NY"
"Senior, Advanced Analytics, Data Visualization","AT&T","Atlanta, GA","Atlanta","GA"
"HANA Architect","Randstad Technologies","Charlotte, NC","Charlotte","NC"
"Programmer II","Children's Hospital Of Philadelphia","Philadelphia, PA","Philadelphia","PA"
"Data Flow I","Axiologic Solutions","Washington, DC","Washington","DC"
"Business Intelligence/Data Warehouse Architect","The Judge Group, Inc.","Irvington, NY","Irvington","NY"
"IOS Engineers / IOS Developers / Moblie Developers","iTech Solutions","Brooklyn, NY","Brooklyn","NY"
"Senior Backend Software Engineer (Cloud Services)","The Judge Group, Inc.","Redwood City, CA","Redwood City","CA"
"Architecture Design II","Axiologic Solutions","Washington, DC","Washington","DC"
"PRODUCT OWNER with SAP logistics module (F2F)","The Judge Group, Inc.","Creve Coeur, MO","Creve Coeur","MO"
"Senior Enterprise Security Architect","The Judge Group, Inc.","West Chester, PA","West Chester","PA"
"Senior Analytics Consultant","The Judge Group, Inc.","Atlanta, GA","Atlanta","GA"
"IT- Quality Consultant- Highly Specialized","The Judge Group, Inc.","Cambridge, MA","Cambridge","MA"
"Data Analyst - SQL","The Judge Group, Inc.","Burlington, MA","Burlington","MA"
"Data Scientist","WestRock Company","Duluth, GA","Duluth","GA"
"UR - Optimized Operations ( O2 ) Statistician / Data Scientist*","3M","Maplewood, MN","Maplewood","MN"
"Data Scientist - Search","Salesforce.com, Inc.","San Francisco, CA","San Francisco","CA"
"Data Scientist II","Microsoft Corporation","Redmond, WA","Redmond","WA"
"Data Scientist III","Fred Hutchinson Cancer Research Center","Seattle, WA","Seattle","WA"
"Data Scientist II","Expedia","Bellevue, WA","Bellevue","WA"
"Data Scientist","Capital One","Mclean, VA","Mclean","VA"
"Data Scientist, Deep Learning","Teradata Corporation","San Diego, CA","San Diego","CA"
"Customer Engagement Data Scientist","Tableau Software","Seattle, WA","Seattle","WA"
"Senior Data Scientist - Sam's Technology","Wal-Mart","Bentonville, AR","Bentonville","AR"
"Data Scientist: Modeling/Forecasting","Twitter","San Francisco, CA","San Francisco","CA"
"Senior Data Scientist","Kemper","Chicago, IL","Chicago","IL"
"Sr Data Scientist","DTCC","Tampa, FL","Tampa","FL"
"Federal - Data Scientist","Accenture","Annapolis Junction, MD","Annapolis Junction","MD"
"Data Scientist","CALIBRE","Alexandria, VA","Alexandria","VA"
"Data Scientist (Chicago)","Sears Holdings Corporation","Hoffman Estates, IL","Hoffman Estates","IL"
"Data Scientist, Senior","Booz Allen Hamilton","Springfield, VA","Springfield","VA"
"Applied Data Scientist","Wolters Kluwer","Waltham, MA","Waltham","MA"
"Data Scientist - Live Games","King","Stockholm, ME","Stockholm","ME"
"Junior Front-End Data Scientist","Mathmatica Policy Research","Washington, DC","Washington","DC"
"Federal - Data Scientist Manager","DayNine","Northeast, NY","Northeast","NY"
"Data Scientist-170016OJ","Oracle","Hanover, NH","Hanover","NH"
"Sr. Data Scientist (111752)","EA Phenomic","Redwood City, CA","Redwood City","CA"
"Senior Data Scientist","Lockheed Martin","Rochester, NY","Rochester","NY"
"Data Scientist - School of Hospitality & Tourism Management","Florida International University","Miami, FL","Miami","FL"
"Data Scientist-UIUC Innovation Center","Monsanto","Urbana, IL","Urbana","IL"
"Data Scientist - Technology Development","Centrica","Seattle, WA","Seattle","WA"
"Data Scientist Job","SAP","Palo Alto, CA","Palo Alto","CA"
"Senior Data Scientist","Ancestry","San Francisco, CA","San Francisco","CA"
"Data Scientist","DigitalGlobe","Herndon, VA","Herndon","VA"
"Data Scientist - Python","IMPAQ International, LLC","Columbia, MD","Columbia","MD"
"Data Scientist","University of Chicago","Chicago, IL","Chicago","IL"
"Data Scientist / Economist","eBay Inc.","San Jose, CA","San Jose","CA"
"Principal Data Scientist - Eden Prairie, MN or Telecommute","United Health Group","Eden Prairie, MN","Eden Prairie","MN"
"Data Scientist - Machine Learning Expert","L'Oreal","Paris, TX","Paris","TX"
"Data Scientist","Spring Venture Group","Kansas City, MO","Kansas City","MO"
"Federal - Data Scientist","Accenture Inc","Alexandria, VA","Alexandria","VA"
"Senior Data Scientist","Dotdash","New York, NY","New York","NY"
"Arity - Data Scientist-Sr Mgr","Allstate","Chicago, IL","Chicago","IL"
"Data Scientist","MacAulay-Brown, Inc.","Linthicum Heights, MD","Linthicum Heights","MD"
"Sr. Data Scientist","McGraw-Hill Financial","Glen Allen, VA","Glen Allen","VA"
"Data Scientist - Python","IMPAQ International LLC","Seattle, WA","Seattle","WA"
"Data Scientist","Johns Hopkins Applied Physics Laboratory","Laurel, MD","Laurel","MD"
"Data Scientist","Johnson Controls, Inc.","Milwaukee, WI","Milwaukee","WI"
"Data Scientist","Verizon Communications","Alpharetta, GA","Alpharetta","GA"
"ISC - Data Scientist","Ipsos North America","Culver City, CA","Culver City","CA"
"Data Scientist","TSR Consulting","New York, NY","New York","NY"
"Data Scientist - Search","Salesforce.com","San Francisco (HQ), CA","San Francisco (HQ)","CA"
"Data Scientist, Zoro US","W.W. Grainger, Inc.","Buffalo Grove, IL","Buffalo Grove","IL"
"Data Scientist, Healthcare (Starting Summer 2018)","The Advisory Board Company","Austin, TX","Austin","TX"
"Marketing Data Scientist","ICF International",":, VA",":","VA"
"Lead Healthcare Data Scientist","Coventry Health Care, Inc.","New York, NY","New York","NY"
"Data Scientist - Power System Analytics","Eaton Corporation","Southfield, MI","Southfield","MI"
"Principal Data Scientist - Machine Learning","Maxpoint Interactive","Morrisville, NC","Morrisville","NC"
"Associate Global Insights Manager - Data Scientist","The Clorox Company","Oakland, CA","Oakland","CA"
"Data Scientist","Zimmerman Advertising","Dallas, TX","Dallas","TX"
"Data Scientist (SAS) - Schaumburg, IL , Chicago, IL, or Eden Prairie, MN","UnitedHealth Group","Chicago, IL","Chicago","IL"
"Advanced Analytics Data Scientist","IBM","Springfield, MO","Springfield","MO"
"Lead Healthcare Data Scientist","Aetna Inc.","Hartford, CT","Hartford","CT"
"Sr. Data Scientist","The McGraw-Hill Companies Financial","Glen Allen, VA","Glen Allen","VA"
"Data Scientist","comScore, Inc.","New York, NY","New York","NY"
"Sr. Data Scientist","IAC","Oakland, CA","Oakland","CA"
"Sr Data Scientist","Symantec Corporation","Mountain View, CA","Mountain View","CA"
"Data Scientist - Power System Analytics","Eaton","Southfield, MI","Southfield","MI"
"Sr. Data Scientist Job (Aberdeen, MD, US)","SAIC","Aberdeen, MD","Aberdeen","MD"
"Data Scientist","AngioDynamics, Inc.","Marlborough, MA","Marlborough","MA"
"Data Scientist II","Expedia, Inc.","Bellevue, WA","Bellevue","WA"
"Deep Learning Data Scientist","NVIDIA Corporation","Santa Clara, CA","Santa Clara","CA"
"Data Scientist - (Job Number: 17007194)","McKesson","Alpharetta, GA","Alpharetta","GA"
"Gas Measurement Data Scientist","TransCanada","Charleston, WV","Charleston","WV"
"Sr. Data Scientist","Dictionary.com","Oakland, CA","Oakland","CA"
"Senior Data Scientist - iPhone Operations","Apple, Inc","Santa Clara Valley, CA","Santa Clara Valley","CA"
"Data Scientist - Contract 3-4 months","Chegg","Santa Clara, CA","Santa Clara","CA"
"Data Scientist","SpotXchange","Broomfield, CO","Broomfield","CO"
"Data Scientist","Roku","New York, NY","New York","NY"
"Manager, Data Scientist","WWE","Stamford, CT","Stamford","CT"
"Data Scientist/Analyst","Datahouse Consulting, Inc.","Honolulu, HI","Honolulu","HI"
"Data Scientist- Advanced Analytics-N. America Analytics","NIKE, Inc.","Portland, OR","Portland","OR"
"Sr. Data Scientist, CORA","Biogen Idec Inc","Cambridge, MA","Cambridge","MA"
"Data Scientist","Wiser Company","Springfield, VA","Springfield","VA"
"Data Scientist, Analytics","Facebook","Menlo Park, CA","Menlo Park","CA"
"Data Scientist","23andMe, Inc.","Mountain View, CA","Mountain View","CA"
"Manager, Data Scientist","WWE Careers","Stamford, CT","Stamford","CT"
"Data Scientist","McKesson Corporation","Alpharetta, GA","Alpharetta","GA"
"Senior Data Scientist","About.com","New York, NY","New York","NY"
"Data Scientist","Altamira Technologies Corp.","Chantilly, VA","Chantilly","VA"
"Senior Commercial Data Scientist- Diabetes Care","Ventana","Indianapolis, IN","Indianapolis","IN"
"Data Scientist","Amazon.com","Seattle, WA","Seattle","WA"
"Data Scientist","Skurt","Los Angeles, CA","Los Angeles","CA"
"Sr Data Scientist","Aetna","Wellesley, MA","Wellesley","MA"
"Semiconductor Patterning Data Scientist","ASML","San Jose, CA","San Jose","CA"
"Data Scientist Internship","Red Hat","Raleigh, NC","Raleigh","NC"
"Data Scientist","Wiser","Springfield, VA","Springfield","VA"
"Data Scientist","Gannett Co. Inc.","Mclean, VA","Mclean","VA"
"Data Scientist","Stride Health","San Francisco, CA","San Francisco","CA"
"Data Scientist - Social VR","Oculus VR","Menlo Park, CA","Menlo Park","CA"
"Data Scientist","AngioDynamics, Inc","Marlborough, MA","Marlborough","MA"
"Lead Data Scientist","Workday, Inc.","Pleasanton, CA","Pleasanton","CA"
"Data Scientist","MassMutual Financial Group","Boston, MA","Boston","MA"
"Data Scientist, Zoro US","Grainger","BUFFALO GROVE, IL","BUFFALO GROVE","IL"
"Sr Data Scientist","T-Mobile","Bellevue, WA","Bellevue","WA"
"Process Data Scientist (Woodbury, MN)","3M","Woodbury, MN","Woodbury","MN"
"Senior Data Scientist, Natural Language Processing","entelo","San Francisco, CA","San Francisco","CA"
"Sr. Data Scientist","Websense, Inc.","Baltimore, MD","Baltimore","MD"
"Think Big Analytics Lead, Deep Learning Data Scientist","Teradata Corporation","San Diego, CA","San Diego","CA"
"Data Scientist II","Expedia","Bellevue, WA","Bellevue","WA"
"DATA SCIENTIST-MS","Geisinger Health System","Danville, PA","Danville","PA"
"Data Scientist, Mid","Booz Allen Hamilton","McLean, VA","McLean","VA"
"Senior Data Scientist","Blue Shield of California","El Dorado Hills, CA","El Dorado Hills","CA"
"Data Scientist Analyst Stf","Lockheed Martin","Trumbull, CT","Trumbull","CT"
"Data Scientist","Qventus","Mountain View, CA","Mountain View","CA"
"Principal Data Scientist","ShareThis","Palo Alto, CA","Palo Alto","CA"
"Data Scientist","CardinalHire","Los Angeles, CA","Los Angeles","CA"
"Principal Data Scientist/Engineer","HERE","Seattle, WA","Seattle","WA"
"Data Scientist","Hewlett Packard Enterprise","Sacramento, CA","Sacramento","CA"
"Data Scientist","ManTech International Corp.","Reston, VA","Reston","VA"
"Federal - Data Scientist","DayNine","Northeast, NY","Northeast","NY"
"Data Scientist","MassMutual","Boston, MA","Boston","MA"
"BU Data Scientist, Pricing","Micron","Milpitas, CA","Milpitas","CA"
"Data Scientist - Engineer Staff","Goodyear","Akron, OH","Akron","OH"
"Sr. Data Scientist (103341)","EA Phenomic","Redwood City, CA","Redwood City","CA"
"Data Scientist - New Games","King","Stockholm, ME","Stockholm","ME"
"Data Scientist","National Opinion Research Center (NORC)","Chicago, IL","Chicago","IL"
"Think Big Analytics Senior Deep Learning Data Scientist","Teradata Corporation","San Diego, CA","San Diego","CA"
"Data Scientist","Iconma, L.L.C.","Chesterfield, MO","Chesterfield","MO"
"Data Scientist (m/f)","King","Berlin, NH","Berlin","NH"
"Quantitative Analyst / Data Scientist","Gtech Services","Dearborn, MI","Dearborn","MI"
"Data Scientist, Zoro US","Imperial","BUFFALO GROVE, IL","BUFFALO GROVE","IL"
"BU Data Scientist, Pricing","Micron Technology, Inc.","Milpitas, CA","Milpitas","CA"
"Data Scientist","Fooda","Chicago, IL","Chicago","IL"
"Data Scientist, Retail Analytics","VF Corporation","Greensboro VF  Corporate Headquarters - USA, NC","Greensboro VF  Corporate Headquarters - USA","NC"
"Data Scientist","Oracle","Seattle, WA","Seattle","WA"
"Data Scientist","SolarWinds","Cambridge, MA","Cambridge","MA"
"Data Scientist I","USAA","San Antonio, TX","San Antonio","TX"
"Data Scientist Senior Consultant - Edison, NJ","ReqRoute,Inc","Edison, NJ","Edison","NJ"
"Federal - Data Scientist","DayNine","Northeast, NY","Northeast","NY"
"Sr. Data Scientist","Euclid Analytics","San Francisco, CA","San Francisco","CA"
"Corporate HR- Workforce Analytics- Data Scientist","JPMorgan Chase & Co.","Jersey City, NJ","Jersey City","NJ"
"Sr. Analyst, Data Scientist","Aaron's, Inc","Atlanta, GA","Atlanta","GA"
"Senior Data Scientist","Roberts Recruiting","Boston, MA","Boston","MA"
"Data Scientist / Machine Learning Engineer - Application & Platform","Workday","San Francisco, CA","San Francisco","CA"
"Data Scientist, Global Insights","Blizzard Entertainment","Irvine, CA","Irvine","CA"
"Senior Data Scientist","AutoGrid","Redwood City, CA","Redwood City","CA"
"Data Scientist, Deep Learning","Teradata","San Diego, CA","San Diego","CA"
"Data Scientist","Microsoft Corporation","Redmond, WA","Redmond","WA"
"Operations Research Data Scientist-UIUC Innovation Center","Monsanto","Urbana, IL","Urbana","IL"
"Data Scientist","Verizon","Alpharetta, GA","Alpharetta","GA"
"Data Scientist","Convoy","Seattle, WA","Seattle","WA"
"Data Scientist - QuantumBlack","McKinsey","Boston, MA","Boston","MA"
"Sr. Data Scientist - Baltimore, MD","Websense","Baltimore, MD","Baltimore","MD"
"Data Scientist","Schlumberger Ltd.","Houston, TX","Houston","TX"
"Data Scientist I","General Dynamics Information Technology, Inc.","Camp Lejeune, NC","Camp Lejeune","NC"
"Data Scientist","Ford Motor Company","Dearborn, MI","Dearborn","MI"
"Data Scientist Intern","Illumina","San Diego, CA","San Diego","CA"
"Sr. Data Scientist/Business Intelligence Engineer","Amazon Corporate LLC","Seattle, WA","Seattle","WA"
"Data Scientist/Senior Data Scientist","The College Board","Reston, VA","Reston","VA"
"Principal Data Scientist","Capital One","Plano, TX","Plano","TX"
"Intern: Data Scientist, Analytics","The Climate Corporation","Saint Louis, MO","Saint Louis","MO"
"Federal - Data Scientist","Accenture","Annapolis Junction, MD","Annapolis Junction","MD"
"Data Scientist - REMOTE","PTP","Gold River, CA","Gold River","CA"
"Senior Data Scientist - Brighthouse Financial","Brighthouse Financial","Charlotte, NC","Charlotte","NC"
"Senior R&D Data Scientist","Plantronics","Santa Cruz, CA","Santa Cruz","CA"
"Senior Data Scientist","Microsoft Corporation","Redmond, WA","Redmond","WA"
"Data Scientist with TS-SCI","NuWave Solutions","Springfield, VA","Springfield","VA"
"Data Scientist","Hub International","Chicago, IL","Chicago","IL"
"Lead Cyber Security Data Scientist","FGM Inc","Rosslyn, VA","Rosslyn","VA"
"Federal - Data Scientist","Accenture","Alexandria, VA","Alexandria","VA"
"Data Scientist II","Microsoft Corporation","Redmond, WA","Redmond","WA"
"Principal Data Scientist","LeapYear","Berkeley, CA","Berkeley","CA"
"Data Scientist","Lockheed Martin","Rochester, NY","Rochester","NY"
"Senior Data Scientist - Brighthouse Financial","MetLife, Inc.","Charlotte, NC","Charlotte","NC"
"Federal - Data Scientist Manager","Accenture Inc","Annapolis Junction, MD","Annapolis Junction","MD"
"Data Scientist - Austin, TX","DELL","Austin, TX","Austin","TX"
"Data Scientist","United Services Automobile Association (USAA)","San Antonio, TX","San Antonio","TX"
"Lead / Principal Data Scientist - Security Analytics","Salesforce.com, Inc.","San Francisco, CA","San Francisco","CA"
"Lead Data Scientist","BCG Digital Ventures","Manhattan Beach, CA","Manhattan Beach","CA"
"Data Scientist - Clinical Informatics","City of Hope","Irwindale, CA","Irwindale","CA"
"Hadoop Data Scientist","Bank of America","Charlotte, NC","Charlotte","NC"
"Sr Data Scientist","Pinnacol","Lowry, MN","Lowry","MN"
"Data Scientist consultant","Kemper","Chicago, IL","Chicago","IL"
"Lead Healthcare Data Scientist","Aetna Inc.","New York, NY","New York","NY"
"Senior Associate - Cognitive Data Scientist Natural Language Processing","KPMG","New York, NY","New York","NY"
"Corporate HR- Workforce Analytics- Data Scientist-170099472_1","JP Morgan","Westerville, OH","Westerville","OH"
"Senior Commercial Data Scientist- Diabetes Care","Roche","Indianapolis, IN","Indianapolis","IN"
"Data Scientist","Ascena Retail Group","Pataskala, OH","Pataskala","OH"
"Senior Data Scientist - Power System Analytics","Eaton Corporation","Southfield, MI","Southfield","MI"
"Senior Data Scientist - Power System Analytics","Eaton","Southfield, MI","Southfield","MI"
"Lead Data Scientist","PayPal","San Jose, CA","San Jose","CA"
"Data Scientist (SAS) - Schaumburg, IL , Chicago, IL, or Eden Prairie, MN","UnitedHealth Group","Eden Prairie, MN","Eden Prairie","MN"
"Data Scientist III","Genesis10","Kansas City, MO","Kansas City","MO"
"Data Scientist (SAS) - Schaumburg, IL , Chicago, IL, or Eden Prairie, MN","UnitedHealth Group","Schaumburg, IL","Schaumburg","IL"
"Associate Data Scientist - (Job Number: 17006638)","Schwan Food Company","BLOOMINGTON, MN","BLOOMINGTON","MN"
"Senior Data Scientist","Spokeo","Pasadena, CA","Pasadena","CA"
"Sr. Assoc Machine Learning Modeler / Data Scientist","ZestFinance","Los Angeles, CA","Los Angeles","CA"
"Senior Data Scientist - Streaming Experimentation and Modeling","Netflix, Inc.","Los Gatos, CA","Los Gatos","CA"
"Data Scientist","Huawei","Santa Clara, CA","Santa Clara","CA"
"Jr. Data Scientist Job (Aberdeen, MD, US)","SAIC","Aberdeen, MD","Aberdeen","MD"
"Data Scientist","VHA Inc","Chicago, IL","Chicago","IL"
"Senior Data Scientist","Altamira","Springfield, VA","Springfield","VA"
"Data Scientist Intern","EnerNOC, Inc.","Boston, MA","Boston","MA"
"Data Scientist","Berico Technologies","Gaithersburg, MD","Gaithersburg","MD"
"Data Scientist","6sense","San Francisco, CA","San Francisco","CA"
"Principal Data Scientist","Capital One","Plano, TX","Plano","TX"
"Senior Data Scientist","HealthTap","Palo Alto, CA","Palo Alto","CA"
"Data Scientist","Riot Games","Santa Monica, CA","Santa Monica","CA"
"Data Scientist","Infer","Palo Alto, CA","Palo Alto","CA"
"Data Scientist","PlaceIQ","New York, NY","New York","NY"
"Sr. Data Scientist","YuMe","Redwood City, CA","Redwood City","CA"
"Digital Data Scientist, PM","All-In Analytics","Modesto, CA","Modesto","CA"
"Director, Data Scientist","Numeric Recruiting and Staffing","New York, NY","New York","NY"
"Data Scientist","Open Systems Technologies","New York, NY","New York","NY"
"Data Scientist, Healthcare (Starting Summer 2018)","The Advisory Board Company","Washington, DC","Washington","DC"
"Data Scientist","Stitch Fix","San Francisco, CA","San Francisco","CA"
"Genomic Data Scientist-UIUC Innovation Center","Monsanto","Urbana, IL","Urbana","IL"
"Data Scientist","WeWork","New York, NY","New York","NY"
"Data Scientist - Sunnyvale, CA","Redolentech","Sunnyvale, CA","Sunnyvale","CA"
"Senior Data Scientist","Enigma","New York, NY","New York","NY"
"Research Engineer / Data Scientist","Lancope","Anywhere, GA","Anywhere","GA"
"Data Scientist II","Expedia","Bellevue, WA","Bellevue","WA"
"Sr. Data Scientist","Expedia","Bellevue, WA","Bellevue","WA"
"Data Scientist  (OH, Cleveland)","AmTrust Financial Services, Inc.","Cleveland, OH","Cleveland","OH"
"Senior Data Scientist","Lattice Engines","San Mateo, CA","San Mateo","CA"
"SRE Data Scientist","Apple, Inc","Santa Clara Valley, CA","Santa Clara Valley","CA"
"Data Scientist - Arlington, VA","Seneca Resources","Arlington, VA","Arlington","VA"
"Data Scientist","Quora","Mountain View, CA","Mountain View","CA"
"Data Scientist (R and Python) - Herndon, VA","Turas Group","Herndon, VA","Herndon","VA"
"Data Scientist","Advantis Global","Sunnyvale, CA","Sunnyvale","CA"
"Senior Data Scientist","Dotdash","New York, NY","New York","NY"
"Principal Data Scientist, Enterprise Customer Intelligence","Capital One","Arlington, VA","Arlington","VA"
"Workforce Analytics - Data Scientist Principal Job (Bethesda, MD, US)","SAIC","Bethesda, MD","Bethesda","MD"
"Data Scientist/Sr. Data Scientist, Analytical Insights - Marketing Analytics","marketshare","New York, NY","New York","NY"
"Data Scientist","Stitchfix","San Francisco, CA","San Francisco","CA"
"Data Scientist","Sonsoft Inc","Plano, TX","Plano","TX"
"Data Scientist/ Product Analyst","Bachrach","New York, NY","New York","NY"
"Data Scientist--------Need GC and USC","USM Business Systems Inc","Orlando, FL","Orlando","FL"
"Lead Healthcare Data Scientist","Aetna Inc.","Wellesley, MA","Wellesley","MA"
"Data Scientist","Johns Hopkins Applied Physics Laboratory","Laurel, MD","Laurel","MD"
"Data Scientist III","Technical and Management Resources, Inc.","Washington, DC","Washington","DC"
"Data Scientist","CIA","Washington, DC","Washington","DC"
"Sr. Data Scientist","Bold","San Francisco, CA","San Francisco","CA"
"Data Scientist","Kemper","Chicago, IL","Chicago","IL"
"Data Scientist","Connolly","Atlanta, GA","Atlanta","GA"
"Advanced Analytics Data Scientist","IBM","SPRINGFIELD, VA","SPRINGFIELD","VA"
"Data Scientist","comScore, Inc","Portland, OR","Portland","OR"
"Data Scientist","Lorven Technologies, Inc","Atlanta, GA","Atlanta","GA"
"Data Scientist/Statistician II - Seattle, Washington","NHR Global","Seattle, WA","Seattle","WA"
"Senior Data Scientist","Kemper","Chicago, IL","Chicago","IL"
"Data Scientist","Xad","Mountain View, CA","Mountain View","CA"
"Data Scientist","Texas Instruments Incorporated","Dallas, TX","Dallas","TX"
"Data Scientist Job (Alexandria, VA, US)","SAIC","Alexandria, VA","Alexandria","VA"
"Principal Data Scientist - Healthcare","Coventry Health Care, Inc.","New York, NY","New York","NY"
"Staff Data Scientist (658511)","Ball Corporation","Tampa, FL","Tampa","FL"
"Data Scientist","Polaris Industries Inc","Minneapolis, MN","Minneapolis","MN"
"Digital Data Scientist","General Mills Inc.","Minneapolis, MN","Minneapolis","MN"
"Lead Data Scientist","Infosys","Sunnyvale, CA","Sunnyvale","CA"
"Data Scientist","[24]7 Inc.","Campbell, CA","Campbell","CA"
"Data Scientist / Research Statistician","MONSANTO COMPANY","Missouri, TX","Missouri","TX"
"Senior Data Scientist","JEGS","Norwalk, CT","Norwalk","CT"
"Senior Data Scientist, Big Data Products","Asurion","San Mateo, CA","San Mateo","CA"
"Data Scientist","MoLabs","New York, NY","New York","NY"
"Data Scientist","MDA Information Systems LLC","Washington DC Metro, DC","Washington DC Metro","DC"
"Data Scientist","Mattel, Inc.","El Segundo, CA","El Segundo","CA"
"Data Scientist","Bose","Framingham, MA","Framingham","MA"
"Sr. Analyst, Data Scientist","Aarons Inc.","Chicago, IL","Chicago","IL"
"Data Scientist/Analyst, Sr.","cohesion","Baltimore Metro Area, MD","Baltimore Metro Area","MD"
"Data Scientist","Barings Corporate","Boston, MA","Boston","MA"
"Data Scientist - Mixed Media Modeling","J Crew","New York, NY","New York","NY"
"Data Scientist","Verizon Communications","Alpharetta, GA","Alpharetta","GA"
"Sr. Data Scientist - New York City, NY","Forcepoint","New York City, NY","New York City","NY"
"Data Scientist / Product Architect","Garmin International, Inc.","Olathe, KS","Olathe","KS"
"GEOINT Analyst (Data Science) **Pay Band 03/04/05**","National Security Agency (NSA)","Springfield, VA;St Louis, MD","St Louis","MD"
"Data Analyst **Pay Band 03/04**","National Security Agency (NSA)","Springfield, VA;St Louis, MD","St Louis","MD"
